offence,model,n_train_val,n_test,n_estimators,max_depth,learning_rate,subsample,colsample_bytree,test_rmse,test_mae,test_r2
assault,XGBoost (tuned),1478,149,100,4,0.1,1.0,1.0,157.1320790678626,105.77276764940113,0.9079424849097255
autotheft,XGBoost (tuned),1477,149,100,6,0.03,1.0,0.8,82.89176228525098,68.61713202047673,0.7057392998378704
biketheft,XGBoost (tuned),1432,140,100,4,0.1,1.0,1.0,71.24069248113135,34.8802297251565,0.5933712744695899
breakenter,XGBoost (tuned),1478,149,100,2,0.03,1.0,1.0,68.00463786423097,50.80526234159532,0.5645594132778742
robbery,XGBoost (tuned),1473,149,100,4,0.03,1.0,1.0,48.23973231744812,34.78931793750534,-0.05550057878914294
theftfrommv,XGBoost (tuned),1478,149,100,2,0.1,0.8,0.8,95.92645999629343,68.77314123371306,0.35434659709761285
theftover,XGBoost (tuned),1449,149,100,2,0.03,1.0,1.0,25.25588145461901,19.436468342006613,0.6707312567487095
