offence,model,n_train_val,n_test,n_estimators,max_depth,min_samples_leaf,max_features,test_rmse,test_mae,test_r2
assault,Random forest (tuned),1478,149,200,8,3,0.5,205.77139210765202,114.34499925811947,0.8421300303162589
autotheft,Random forest (tuned),1477,149,500,4,1,sqrt,100.85582142324003,86.79368933585799,0.5643763395573005
biketheft,Random forest (tuned),1432,140,200,8,3,0.5,52.708059667238196,31.9980675405315,0.7774150232394361
breakenter,Random forest (tuned),1478,149,200,4,5,0.5,68.01684401034699,51.46348870226741,0.5644030848687434
robbery,Random forest (tuned),1473,149,200,8,5,0.5,49.23208526486124,36.3706919810057,-0.09937323467938253
theftfrommv,Random forest (tuned),1478,149,500,4,3,0.5,105.59798603480034,82.75972442986368,0.21759092445210304
theftover,Random forest (tuned),1449,149,500,8,3,sqrt,25.10852810642882,18.467953108281204,0.674562230714014
